{"Duration":424,"Sig Categories":["Applications"],"Summary":{"Critical":0,"High":15,"Medium":3,"Low":1,"Info":0},"Unpatchable":{"total":19,"critical_unpatchable":0,"high_unpatchable":15,"medium_unpatchable":3,"low_unpatchable":1,"info_unpatchable":0},"Applications":{"Detections":{"Critical":[],"High":[4370,4536,71133,72428,72429,72430,72431,72432,72433,72434,72435,72436,72437,72439,72827],"Medium":[4329,68916,72826],"Low":[72438],"Info":[]},"Applications":[{"Name":"PostgreSQL","Detections":{"Critical":[],"High":[],"Medium":[68916],"Low":[],"Info":[]}}]}}