<?xml version="1.0" encoding="UTF-8" ?>
<CheckUpdate serial_number="" server_addr="forticlient.fortinet.net" port="80">
    <ResolvedServerIP addr="forticlient.fortinet.net">
        <ServerIP ip="208.184.237.75" />
        <ServerIP ip="173.243.138.98" />
    </ResolvedServerIP>
    <RequestList>
        <Object id="00000000FSCI00000000000000000000" />
        <Object id="00000000FDNI00000000000000000000" />
        <Object id="01000000FECT00000" />
    </RequestList>
    <ERROR msg="FCP_recv_response() failed" ret="-5" err="5" />
    <ResponseList num="0" />
</CheckUpdate>
