<?xml version="1.0" encoding="UTF-8" ?>
<DiagResult version_of_tool="7.0.1.0083" time_start="2022-12-20 09:42:31" time_stop="2022-12-20 09:45:51">
    <Task task_id="1" task_name="system information" time_start="2022-12-20 09:42:31" return_value="0" error="0" time_stop="2022-12-20 09:44:55" />
    <Task task_id="2" task_name="Windows update log" time_start="2022-12-20 09:44:55" return_value="0" error="0" time_stop="2022-12-20 09:45:01" />
    <Task task_id="3" task_name="Windows mini dump files" time_start="2022-12-20 09:45:01" return_value="0" error="3" time_stop="2022-12-20 09:45:01" />
    <Task task_id="10" task_name="product installation" time_start="2022-12-20 09:45:01" return_value="0" error="0" time_stop="2022-12-20 09:45:01" />
    <Task task_id="11" task_name="export logs" time_start="2022-12-20 09:45:01" return_value="0" error="0" time_stop="2022-12-20 09:45:02" />
    <Task task_id="12" task_name="FortiClient configuration" time_start="2022-12-20 09:45:02" return_value="0" error="2" time_stop="2022-12-20 09:45:02" />
    <Task task_id="13" task_name="export registry values: Local Machine" time_start="2022-12-20 09:45:02" return_value="0" error="0" time_stop="2022-12-20 09:45:02" />
    <Task task_id="14" task_name="export registry values: Current User" time_start="2022-12-20 09:45:02" return_value="0" error="0" time_stop="2022-12-20 09:45:02" />
    <Task task_id="15" task_name="export registry values: Registered Class" time_start="2022-12-20 09:45:02" return_value="0" error="0" time_stop="2022-12-20 09:45:02" />
    <Task task_id="50" task_name="list all installed software" time_start="2022-12-20 09:45:02" return_value="0" error="0" time_stop="2022-12-20 09:45:02" />
    <Task task_id="51" task_name="copy setupapi log file(s)" time_start="2022-12-20 09:45:02" return_value="0" error="2" time_stop="2022-12-20 09:45:02" />
    <Task task_id="52" task_name="collect FortiClient installation log file" time_start="2022-12-20 09:45:02" return_value="0" error="0" time_stop="2022-12-20 09:45:02" />
    <Task task_id="101" task_name="ipconfig" time_start="2022-12-20 09:45:02" return_value="0" error="0" time_stop="2022-12-20 09:45:02" />
    <Task task_id="102" task_name="routing table" time_start="2022-12-20 09:45:02" return_value="0" error="0" time_stop="2022-12-20 09:45:02" />
    <Task task_id="103" task_name="run ipsec tunnels" time_start="2022-12-20 09:45:02" return_value="0" error="0" time_stop="2022-12-20 09:45:02" />
    <Task task_id="104" task_name="run SSLVPN tunnels" time_start="2022-12-20 09:45:02" return_value="0" error="0" time_stop="2022-12-20 09:45:50" />
    <Task task_id="105" task_name="list certificates" time_start="2022-12-20 09:45:50" return_value="0" error="0" time_stop="2022-12-20 09:45:50" />
    <Task task_id="150" task_name="check update status" time_start="2022-12-20 09:45:50" return_value="0" error="0" time_stop="2022-12-20 09:45:51" />
</DiagResult>
